"LOCATION","INDICATOR","SUBJECT","MEASURE","FREQUENCY","TIME","Value","Flag Codes"
"GBR","CPI","TOT","AGRWTH","M","1980-02",19.10005,
"GBR","CPI","TOT","AGRWTH","M","1980-03",19.75309,
"GBR","CPI","TOT","AGRWTH","M","1980-04",21.75537,
"GBR","CPI","TOT","AGRWTH","M","1980-05",21.90829,
"GBR","CPI","TOT","AGRWTH","M","1980-06",20.99271,
"GBR","CPI","TOT","AGRWTH","M","1980-07",16.93584,
"GBR","CPI","TOT","AGRWTH","M","1980-08",16.28411,
"GBR","CPI","TOT","AGRWTH","M","1980-09",15.86621,
"GBR","CPI","TOT","AGRWTH","M","1980-10",15.40747,
"GBR","CPI","TOT","AGRWTH","M","1980-11",15.31342,
"GBR","CPI","TOT","AGRWTH","M","1980-12",15.12114,
"GBR","CPI","TOT","AGRWTH","M","1981-01",13.04525,
"GBR","CPI","TOT","AGRWTH","M","1981-02",12.45981,
"GBR","CPI","TOT","AGRWTH","M","1981-03",12.60904,
"GBR","CPI","TOT","AGRWTH","M","1981-04",12.03988,
"GBR","CPI","TOT","AGRWTH","M","1981-05",11.74012,
"GBR","CPI","TOT","AGRWTH","M","1981-06",11.32857,
"GBR","CPI","TOT","AGRWTH","M","1981-07",10.89959,
"GBR","CPI","TOT","AGRWTH","M","1981-08",11.47114,
"GBR","CPI","TOT","AGRWTH","M","1981-09",11.39896,
"GBR","CPI","TOT","AGRWTH","M","1981-10",11.69548,
"GBR","CPI","TOT","AGRWTH","M","1981-11",11.96644,
"GBR","CPI","TOT","AGRWTH","M","1981-12",12.04644,
"GBR","CPI","TOT","AGRWTH","M","1982-01",12.00865,
"GBR","CPI","TOT","AGRWTH","M","1982-02",11.0436,
"GBR","CPI","TOT","AGRWTH","M","1982-03",10.35211,
"GBR","CPI","TOT","AGRWTH","M","1982-04",9.411362,
"GBR","CPI","TOT","AGRWTH","M","1982-05",9.486569,
"GBR","CPI","TOT","AGRWTH","M","1982-06",9.161595,
"GBR","CPI","TOT","AGRWTH","M","1982-07",8.717604,
"GBR","CPI","TOT","AGRWTH","M","1982-08",7.951888,
"GBR","CPI","TOT","AGRWTH","M","1982-09",7.275747,
"GBR","CPI","TOT","AGRWTH","M","1982-10",6.848864,
"GBR","CPI","TOT","AGRWTH","M","1982-11",6.25611,
"GBR","CPI","TOT","AGRWTH","M","1982-12",5.408031,
"GBR","CPI","TOT","AGRWTH","M","1983-01",4.92595,
"GBR","CPI","TOT","AGRWTH","M","1983-02",5.342774,
"GBR","CPI","TOT","AGRWTH","M","1983-03",4.626675,
"GBR","CPI","TOT","AGRWTH","M","1983-04",4.003754,
"GBR","CPI","TOT","AGRWTH","M","1983-05",3.695652,
"GBR","CPI","TOT","AGRWTH","M","1983-06",3.654382,
"GBR","CPI","TOT","AGRWTH","M","1983-07",4.179566,
"GBR","CPI","TOT","AGRWTH","M","1983-08",4.611575,
"GBR","CPI","TOT","AGRWTH","M","1983-09",5.140911,
"GBR","CPI","TOT","AGRWTH","M","1983-10",4.992296,
"GBR","CPI","TOT","AGRWTH","M","1983-11",4.84514,
"GBR","CPI","TOT","AGRWTH","M","1983-12",5.3149,
"GBR","CPI","TOT","AGRWTH","M","1984-01",5.124271,
"GBR","CPI","TOT","AGRWTH","M","1984-02",5.102353,
"GBR","CPI","TOT","AGRWTH","M","1984-03",5.245502,
"GBR","CPI","TOT","AGRWTH","M","1984-04",5.172932,
"GBR","CPI","TOT","AGRWTH","M","1984-05",5.121294,
"GBR","CPI","TOT","AGRWTH","M","1984-06",5.13893,
"GBR","CPI","TOT","AGRWTH","M","1984-07",4.457652,
"GBR","CPI","TOT","AGRWTH","M","1984-08",4.970414,
"GBR","CPI","TOT","AGRWTH","M","1984-09",4.712813,
"GBR","CPI","TOT","AGRWTH","M","1984-10",4.989727,
"GBR","CPI","TOT","AGRWTH","M","1984-11",4.942966,
"GBR","CPI","TOT","AGRWTH","M","1984-12",4.57993,
"GBR","CPI","TOT","AGRWTH","M","1985-01",5.020432,
"GBR","CPI","TOT","AGRWTH","M","1985-02",5.395821,
"GBR","CPI","TOT","AGRWTH","M","1985-03",6.088751,
"GBR","CPI","TOT","AGRWTH","M","1985-04",6.949566,
"GBR","CPI","TOT","AGRWTH","M","1985-05",7.003049,
"GBR","CPI","TOT","AGRWTH","M","1985-06",6.953605,
"GBR","CPI","TOT","AGRWTH","M","1985-07",6.85084,
"GBR","CPI","TOT","AGRWTH","M","1985-08",6.190601,
"GBR","CPI","TOT","AGRWTH","M","1985-09",5.870531,
"GBR","CPI","TOT","AGRWTH","M","1985-10",5.43997,
"GBR","CPI","TOT","AGRWTH","M","1985-11",5.446579,
"GBR","CPI","TOT","AGRWTH","M","1985-12",5.644866,
"GBR","CPI","TOT","AGRWTH","M","1986-01",5.482456,
"GBR","CPI","TOT","AGRWTH","M","1986-02",5.114254,
"GBR","CPI","TOT","AGRWTH","M","1986-03",4.202586,
"GBR","CPI","TOT","AGRWTH","M","1986-04",3.059072,
"GBR","CPI","TOT","AGRWTH","M","1986-05",2.731092,
"GBR","CPI","TOT","AGRWTH","M","1986-06",2.515723,
"GBR","CPI","TOT","AGRWTH","M","1986-07",2.415966,
"GBR","CPI","TOT","AGRWTH","M","1986-08",2.408377,
"GBR","CPI","TOT","AGRWTH","M","1986-09",3.039832,
"GBR","CPI","TOT","AGRWTH","M","1986-10",3.033473,
"GBR","CPI","TOT","AGRWTH","M","1986-11",3.54536,
"GBR","CPI","TOT","AGRWTH","M","1986-12",3.75,
"GBR","CPI","TOT","AGRWTH","M","1987-01",3.950104,
"GBR","CPI","TOT","AGRWTH","M","1987-02",3.933748,
"GBR","CPI","TOT","AGRWTH","M","1987-03",4.033092,
"GBR","CPI","TOT","AGRWTH","M","1987-04",4.19652,
"GBR","CPI","TOT","AGRWTH","M","1987-05",4.192229,
"GBR","CPI","TOT","AGRWTH","M","1987-06",4.192229,
"GBR","CPI","TOT","AGRWTH","M","1987-07",4.410256,
"GBR","CPI","TOT","AGRWTH","M","1987-08",4.396728,
"GBR","CPI","TOT","AGRWTH","M","1987-09",4.170906,
"GBR","CPI","TOT","AGRWTH","M","1987-10",4.467005,
"GBR","CPI","TOT","AGRWTH","M","1987-11",4.128902,
"GBR","CPI","TOT","AGRWTH","M","1987-12",3.714859,
"GBR","CPI","TOT","AGRWTH","M","1988-01",3.3,"B"
"GBR","CPI","TOT","AGRWTH","M","1988-02",3.107825,
"GBR","CPI","TOT","AGRWTH","M","1988-03",3.340723,
"GBR","CPI","TOT","AGRWTH","M","1988-04",3.42073,
"GBR","CPI","TOT","AGRWTH","M","1988-05",3.751535,
"GBR","CPI","TOT","AGRWTH","M","1988-06",4.183834,
"GBR","CPI","TOT","AGRWTH","M","1988-07",4.286175,
"GBR","CPI","TOT","AGRWTH","M","1988-08",4.626928,
"GBR","CPI","TOT","AGRWTH","M","1988-09",4.750591,
"GBR","CPI","TOT","AGRWTH","M","1988-10",4.883745,
"GBR","CPI","TOT","AGRWTH","M","1988-11",5.01561,
"GBR","CPI","TOT","AGRWTH","M","1988-12",5.117271,
"GBR","CPI","TOT","AGRWTH","M","1989-01",5.7,
"GBR","CPI","TOT","AGRWTH","M","1989-02",5.8,
"GBR","CPI","TOT","AGRWTH","M","1989-03",5.9,
"GBR","CPI","TOT","AGRWTH","M","1989-04",5.6,
"GBR","CPI","TOT","AGRWTH","M","1989-05",5.9,
"GBR","CPI","TOT","AGRWTH","M","1989-06",5.8,
"GBR","CPI","TOT","AGRWTH","M","1989-07",5.7,
"GBR","CPI","TOT","AGRWTH","M","1989-08",5.5,
"GBR","CPI","TOT","AGRWTH","M","1989-09",5.7,
"GBR","CPI","TOT","AGRWTH","M","1989-10",5.8,
"GBR","CPI","TOT","AGRWTH","M","1989-11",5.7,
"GBR","CPI","TOT","AGRWTH","M","1989-12",5.8,
"GBR","CPI","TOT","AGRWTH","M","1990-01",5.9,
"GBR","CPI","TOT","AGRWTH","M","1990-02",6.3,
"GBR","CPI","TOT","AGRWTH","M","1990-03",6.2,
"GBR","CPI","TOT","AGRWTH","M","1990-04",7.7,
"GBR","CPI","TOT","AGRWTH","M","1990-05",8.2,
"GBR","CPI","TOT","AGRWTH","M","1990-06",8.2,
"GBR","CPI","TOT","AGRWTH","M","1990-07",8.2,
"GBR","CPI","TOT","AGRWTH","M","1990-08",8.9,
"GBR","CPI","TOT","AGRWTH","M","1990-09",9.2,
"GBR","CPI","TOT","AGRWTH","M","1990-10",9.2,
"GBR","CPI","TOT","AGRWTH","M","1990-11",9.2,
"GBR","CPI","TOT","AGRWTH","M","1990-12",9.2,
"GBR","CPI","TOT","AGRWTH","M","1991-01",8.6,
"GBR","CPI","TOT","AGRWTH","M","1991-02",8.2,
"GBR","CPI","TOT","AGRWTH","M","1991-03",8.3,
"GBR","CPI","TOT","AGRWTH","M","1991-04",8,
"GBR","CPI","TOT","AGRWTH","M","1991-05",7.5,
"GBR","CPI","TOT","AGRWTH","M","1991-06",7.7,
"GBR","CPI","TOT","AGRWTH","M","1991-07",7.5,
"GBR","CPI","TOT","AGRWTH","M","1991-08",7.5,
"GBR","CPI","TOT","AGRWTH","M","1991-09",6.9,
"GBR","CPI","TOT","AGRWTH","M","1991-10",6.5,
"GBR","CPI","TOT","AGRWTH","M","1991-11",6.5,
"GBR","CPI","TOT","AGRWTH","M","1991-12",6.5,
"GBR","CPI","TOT","AGRWTH","M","1992-01",6.2,
"GBR","CPI","TOT","AGRWTH","M","1992-02",6.3,
"GBR","CPI","TOT","AGRWTH","M","1992-03",6.2,
"GBR","CPI","TOT","AGRWTH","M","1992-04",5.2,
"GBR","CPI","TOT","AGRWTH","M","1992-05",5.1,
"GBR","CPI","TOT","AGRWTH","M","1992-06",4.6,
"GBR","CPI","TOT","AGRWTH","M","1992-07",4.5,
"GBR","CPI","TOT","AGRWTH","M","1992-08",3.7,
"GBR","CPI","TOT","AGRWTH","M","1992-09",3.7,
"GBR","CPI","TOT","AGRWTH","M","1992-10",3.5,
"GBR","CPI","TOT","AGRWTH","M","1992-11",3.3,
"GBR","CPI","TOT","AGRWTH","M","1992-12",3.2,
"GBR","CPI","TOT","AGRWTH","M","1993-01",3,
"GBR","CPI","TOT","AGRWTH","M","1993-02",3.1,
"GBR","CPI","TOT","AGRWTH","M","1993-03",3.2,
"GBR","CPI","TOT","AGRWTH","M","1993-04",2.6,
"GBR","CPI","TOT","AGRWTH","M","1993-05",2.3,
"GBR","CPI","TOT","AGRWTH","M","1993-06",2.2,
"GBR","CPI","TOT","AGRWTH","M","1993-07",2.3,
"GBR","CPI","TOT","AGRWTH","M","1993-08",2.6,
"GBR","CPI","TOT","AGRWTH","M","1993-09",2.7,
"GBR","CPI","TOT","AGRWTH","M","1993-10",2.4,
"GBR","CPI","TOT","AGRWTH","M","1993-11",2.1,
"GBR","CPI","TOT","AGRWTH","M","1993-12",2.3,
"GBR","CPI","TOT","AGRWTH","M","1994-01",2.6,
"GBR","CPI","TOT","AGRWTH","M","1994-02",2.4,
"GBR","CPI","TOT","AGRWTH","M","1994-03",2.2,
"GBR","CPI","TOT","AGRWTH","M","1994-04",2.4,
"GBR","CPI","TOT","AGRWTH","M","1994-05",2.4,
"GBR","CPI","TOT","AGRWTH","M","1994-06",2.3,
"GBR","CPI","TOT","AGRWTH","M","1994-07",2.1,
"GBR","CPI","TOT","AGRWTH","M","1994-08",2.2,
"GBR","CPI","TOT","AGRWTH","M","1994-09",1.9,
"GBR","CPI","TOT","AGRWTH","M","1994-10",1.8,
"GBR","CPI","TOT","AGRWTH","M","1994-11",2.1,
"GBR","CPI","TOT","AGRWTH","M","1994-12",2.2,
"GBR","CPI","TOT","AGRWTH","M","1995-01",2.4,
"GBR","CPI","TOT","AGRWTH","M","1995-02",2.3,
"GBR","CPI","TOT","AGRWTH","M","1995-03",2.4,
"GBR","CPI","TOT","AGRWTH","M","1995-04",2.3,
"GBR","CPI","TOT","AGRWTH","M","1995-05",2.6,
"GBR","CPI","TOT","AGRWTH","M","1995-06",2.7,
"GBR","CPI","TOT","AGRWTH","M","1995-07",2.8,
"GBR","CPI","TOT","AGRWTH","M","1995-08",2.7,
"GBR","CPI","TOT","AGRWTH","M","1995-09",3,
"GBR","CPI","TOT","AGRWTH","M","1995-10",3,
"GBR","CPI","TOT","AGRWTH","M","1995-11",2.9,
"GBR","CPI","TOT","AGRWTH","M","1995-12",3.1,
"GBR","CPI","TOT","AGRWTH","M","1996-01",2.9,
"GBR","CPI","TOT","AGRWTH","M","1996-02",3,
"GBR","CPI","TOT","AGRWTH","M","1996-03",3,
"GBR","CPI","TOT","AGRWTH","M","1996-04",2.8,
"GBR","CPI","TOT","AGRWTH","M","1996-05",2.8,
"GBR","CPI","TOT","AGRWTH","M","1996-06",2.8,
"GBR","CPI","TOT","AGRWTH","M","1996-07",2.7,
"GBR","CPI","TOT","AGRWTH","M","1996-08",2.7,
"GBR","CPI","TOT","AGRWTH","M","1996-09",2.7,
"GBR","CPI","TOT","AGRWTH","M","1996-10",3,
"GBR","CPI","TOT","AGRWTH","M","1996-11",3.1,
"GBR","CPI","TOT","AGRWTH","M","1996-12",2.8,
"GBR","CPI","TOT","AGRWTH","M","1997-01",2.6,
"GBR","CPI","TOT","AGRWTH","M","1997-02",2.4,
"GBR","CPI","TOT","AGRWTH","M","1997-03",2.2,
"GBR","CPI","TOT","AGRWTH","M","1997-04",2.1,
"GBR","CPI","TOT","AGRWTH","M","1997-05",2.1,
"GBR","CPI","TOT","AGRWTH","M","1997-06",2.1,
"GBR","CPI","TOT","AGRWTH","M","1997-07",2.4,
"GBR","CPI","TOT","AGRWTH","M","1997-08",2.3,
"GBR","CPI","TOT","AGRWTH","M","1997-09",2.2,
"GBR","CPI","TOT","AGRWTH","M","1997-10",2.2,
"GBR","CPI","TOT","AGRWTH","M","1997-11",2.1,
"GBR","CPI","TOT","AGRWTH","M","1997-12",1.9,
"GBR","CPI","TOT","AGRWTH","M","1998-01",1.8,
"GBR","CPI","TOT","AGRWTH","M","1998-02",1.8,
"GBR","CPI","TOT","AGRWTH","M","1998-03",1.9,
"GBR","CPI","TOT","AGRWTH","M","1998-04",2.1,
"GBR","CPI","TOT","AGRWTH","M","1998-05",2.2,
"GBR","CPI","TOT","AGRWTH","M","1998-06",1.9,
"GBR","CPI","TOT","AGRWTH","M","1998-07",1.7,
"GBR","CPI","TOT","AGRWTH","M","1998-08",1.6,
"GBR","CPI","TOT","AGRWTH","M","1998-09",1.7,
"GBR","CPI","TOT","AGRWTH","M","1998-10",1.6,
"GBR","CPI","TOT","AGRWTH","M","1998-11",1.7,
"GBR","CPI","TOT","AGRWTH","M","1998-12",1.9,
"GBR","CPI","TOT","AGRWTH","M","1999-01",2,
"GBR","CPI","TOT","AGRWTH","M","1999-02",1.9,
"GBR","CPI","TOT","AGRWTH","M","1999-03",2.1,
"GBR","CPI","TOT","AGRWTH","M","1999-04",2,
"GBR","CPI","TOT","AGRWTH","M","1999-05",1.7,
"GBR","CPI","TOT","AGRWTH","M","1999-06",1.8,
"GBR","CPI","TOT","AGRWTH","M","1999-07",1.7,
"GBR","CPI","TOT","AGRWTH","M","1999-08",1.6,
"GBR","CPI","TOT","AGRWTH","M","1999-09",1.6,
"GBR","CPI","TOT","AGRWTH","M","1999-10",1.5,
"GBR","CPI","TOT","AGRWTH","M","1999-11",1.5,
"GBR","CPI","TOT","AGRWTH","M","1999-12",1.5,
"GBR","CPI","TOT","AGRWTH","M","2000-01",1.2,
"GBR","CPI","TOT","AGRWTH","M","2000-02",1.2,
"GBR","CPI","TOT","AGRWTH","M","2000-03",1,
"GBR","CPI","TOT","AGRWTH","M","2000-04",0.9,
"GBR","CPI","TOT","AGRWTH","M","2000-05",1,
"GBR","CPI","TOT","AGRWTH","M","2000-06",1.2,
"GBR","CPI","TOT","AGRWTH","M","2000-07",1.2,
"GBR","CPI","TOT","AGRWTH","M","2000-08",1,
"GBR","CPI","TOT","AGRWTH","M","2000-09",1.3,
"GBR","CPI","TOT","AGRWTH","M","2000-10",1.4,
"GBR","CPI","TOT","AGRWTH","M","2000-11",1.5,
"GBR","CPI","TOT","AGRWTH","M","2000-12",1.2,
"GBR","CPI","TOT","AGRWTH","M","2001-01",1.2,
"GBR","CPI","TOT","AGRWTH","M","2001-02",1.2,
"GBR","CPI","TOT","AGRWTH","M","2001-03",1.3,
"GBR","CPI","TOT","AGRWTH","M","2001-04",1.5,
"GBR","CPI","TOT","AGRWTH","M","2001-05",1.9,
"GBR","CPI","TOT","AGRWTH","M","2001-06",1.9,
"GBR","CPI","TOT","AGRWTH","M","2001-07",1.7,
"GBR","CPI","TOT","AGRWTH","M","2001-08",2.1,
"GBR","CPI","TOT","AGRWTH","M","2001-09",1.7,
"GBR","CPI","TOT","AGRWTH","M","2001-10",1.6,
"GBR","CPI","TOT","AGRWTH","M","2001-11",1.2,
"GBR","CPI","TOT","AGRWTH","M","2001-12",1.4,
"GBR","CPI","TOT","AGRWTH","M","2002-01",1.8,
"GBR","CPI","TOT","AGRWTH","M","2002-02",1.7,
"GBR","CPI","TOT","AGRWTH","M","2002-03",1.7,
"GBR","CPI","TOT","AGRWTH","M","2002-04",1.6,
"GBR","CPI","TOT","AGRWTH","M","2002-05",1.2,
"GBR","CPI","TOT","AGRWTH","M","2002-06",1.1,
"GBR","CPI","TOT","AGRWTH","M","2002-07",1.4,
"GBR","CPI","TOT","AGRWTH","M","2002-08",1.3,
"GBR","CPI","TOT","AGRWTH","M","2002-09",1.2,
"GBR","CPI","TOT","AGRWTH","M","2002-10",1.5,
"GBR","CPI","TOT","AGRWTH","M","2002-11",1.6,
"GBR","CPI","TOT","AGRWTH","M","2002-12",1.7,
"GBR","CPI","TOT","AGRWTH","M","2003-01",1.4,
"GBR","CPI","TOT","AGRWTH","M","2003-02",1.6,
"GBR","CPI","TOT","AGRWTH","M","2003-03",1.6,
"GBR","CPI","TOT","AGRWTH","M","2003-04",1.5,
"GBR","CPI","TOT","AGRWTH","M","2003-05",1.3,
"GBR","CPI","TOT","AGRWTH","M","2003-06",1.2,
"GBR","CPI","TOT","AGRWTH","M","2003-07",1.3,
"GBR","CPI","TOT","AGRWTH","M","2003-08",1.4,
"GBR","CPI","TOT","AGRWTH","M","2003-09",1.3,
"GBR","CPI","TOT","AGRWTH","M","2003-10",1.3,
"GBR","CPI","TOT","AGRWTH","M","2003-11",1.3,
"GBR","CPI","TOT","AGRWTH","M","2003-12",1.3,
"GBR","CPI","TOT","AGRWTH","M","2004-01",1.5,
"GBR","CPI","TOT","AGRWTH","M","2004-02",1.4,
"GBR","CPI","TOT","AGRWTH","M","2004-03",1.2,
"GBR","CPI","TOT","AGRWTH","M","2004-04",1.1,
"GBR","CPI","TOT","AGRWTH","M","2004-05",1.4,
"GBR","CPI","TOT","AGRWTH","M","2004-06",1.5,
"GBR","CPI","TOT","AGRWTH","M","2004-07",1.4,
"GBR","CPI","TOT","AGRWTH","M","2004-08",1.4,
"GBR","CPI","TOT","AGRWTH","M","2004-09",1.2,
"GBR","CPI","TOT","AGRWTH","M","2004-10",1.3,
"GBR","CPI","TOT","AGRWTH","M","2004-11",1.5,
"GBR","CPI","TOT","AGRWTH","M","2004-12",1.8,
"GBR","CPI","TOT","AGRWTH","M","2005-01",1.7,
"GBR","CPI","TOT","AGRWTH","M","2005-02",1.7,
"GBR","CPI","TOT","AGRWTH","M","2005-03",2,
"GBR","CPI","TOT","AGRWTH","M","2005-04",1.9,
"GBR","CPI","TOT","AGRWTH","M","2005-05",1.9,
"GBR","CPI","TOT","AGRWTH","M","2005-06",2,
"GBR","CPI","TOT","AGRWTH","M","2005-07",2.3,
"GBR","CPI","TOT","AGRWTH","M","2005-08",2.4,
"GBR","CPI","TOT","AGRWTH","M","2005-09",2.5,
"GBR","CPI","TOT","AGRWTH","M","2005-10",2.4,
"GBR","CPI","TOT","AGRWTH","M","2005-11",2.2,
"GBR","CPI","TOT","AGRWTH","M","2005-12",2.1,
"GBR","CPI","TOT","AGRWTH","M","2006-01",2.2,
"GBR","CPI","TOT","AGRWTH","M","2006-02",2.2,
"GBR","CPI","TOT","AGRWTH","M","2006-03",2,
"GBR","CPI","TOT","AGRWTH","M","2006-04",2.2,
"GBR","CPI","TOT","AGRWTH","M","2006-05",2.4,
"GBR","CPI","TOT","AGRWTH","M","2006-06",2.6,
"GBR","CPI","TOT","AGRWTH","M","2006-07",2.5,
"GBR","CPI","TOT","AGRWTH","M","2006-08",2.6,
"GBR","CPI","TOT","AGRWTH","M","2006-09",2.5,
"GBR","CPI","TOT","AGRWTH","M","2006-10",2.5,
"GBR","CPI","TOT","AGRWTH","M","2006-11",2.8,
"GBR","CPI","TOT","AGRWTH","M","2006-12",2.9,
"GBR","CPI","TOT","AGRWTH","M","2007-01",2.7,
"GBR","CPI","TOT","AGRWTH","M","2007-02",2.7,
"GBR","CPI","TOT","AGRWTH","M","2007-03",2.9,
"GBR","CPI","TOT","AGRWTH","M","2007-04",2.7,
"GBR","CPI","TOT","AGRWTH","M","2007-05",2.5,
"GBR","CPI","TOT","AGRWTH","M","2007-06",2.5,
"GBR","CPI","TOT","AGRWTH","M","2007-07",2,
"GBR","CPI","TOT","AGRWTH","M","2007-08",2,
"GBR","CPI","TOT","AGRWTH","M","2007-09",2,
"GBR","CPI","TOT","AGRWTH","M","2007-10",2.3,
"GBR","CPI","TOT","AGRWTH","M","2007-11",2.2,
"GBR","CPI","TOT","AGRWTH","M","2007-12",2.3,
"GBR","CPI","TOT","AGRWTH","M","2008-01",2.4,
"GBR","CPI","TOT","AGRWTH","M","2008-02",2.6,
"GBR","CPI","TOT","AGRWTH","M","2008-03",2.6,
"GBR","CPI","TOT","AGRWTH","M","2008-04",3,
"GBR","CPI","TOT","AGRWTH","M","2008-05",3.3,
"GBR","CPI","TOT","AGRWTH","M","2008-06",3.7,
"GBR","CPI","TOT","AGRWTH","M","2008-07",4.2,
"GBR","CPI","TOT","AGRWTH","M","2008-08",4.4,
"GBR","CPI","TOT","AGRWTH","M","2008-09",4.8,
"GBR","CPI","TOT","AGRWTH","M","2008-10",4.2,
"GBR","CPI","TOT","AGRWTH","M","2008-11",3.8,
"GBR","CPI","TOT","AGRWTH","M","2008-12",3,
"GBR","CPI","TOT","AGRWTH","M","2009-01",2.9,
"GBR","CPI","TOT","AGRWTH","M","2009-02",3.1,
"GBR","CPI","TOT","AGRWTH","M","2009-03",2.8,
"GBR","CPI","TOT","AGRWTH","M","2009-04",2.3,
"GBR","CPI","TOT","AGRWTH","M","2009-05",2.1,
"GBR","CPI","TOT","AGRWTH","M","2009-06",1.7,
"GBR","CPI","TOT","AGRWTH","M","2009-07",1.6,
"GBR","CPI","TOT","AGRWTH","M","2009-08",1.4,
"GBR","CPI","TOT","AGRWTH","M","2009-09",1,
"GBR","CPI","TOT","AGRWTH","M","2009-10",1.2,
"GBR","CPI","TOT","AGRWTH","M","2009-11",1.5,
"GBR","CPI","TOT","AGRWTH","M","2009-12",2.1,
"GBR","CPI","TOT","AGRWTH","M","2010-01",2.6,
"GBR","CPI","TOT","AGRWTH","M","2010-02",2.1,
"GBR","CPI","TOT","AGRWTH","M","2010-03",2.4,
"GBR","CPI","TOT","AGRWTH","M","2010-04",2.7,
"GBR","CPI","TOT","AGRWTH","M","2010-05",2.5,
"GBR","CPI","TOT","AGRWTH","M","2010-06",2.4,
"GBR","CPI","TOT","AGRWTH","M","2010-07",2.3,
"GBR","CPI","TOT","AGRWTH","M","2010-08",2.4,
"GBR","CPI","TOT","AGRWTH","M","2010-09",2.4,
"GBR","CPI","TOT","AGRWTH","M","2010-10",2.5,
"GBR","CPI","TOT","AGRWTH","M","2010-11",2.6,
"GBR","CPI","TOT","AGRWTH","M","2010-12",3.1,
"GBR","CPI","TOT","AGRWTH","M","2011-01",3.4,
"GBR","CPI","TOT","AGRWTH","M","2011-02",3.7,
"GBR","CPI","TOT","AGRWTH","M","2011-03",3.5,
"GBR","CPI","TOT","AGRWTH","M","2011-04",3.8,
"GBR","CPI","TOT","AGRWTH","M","2011-05",3.8,
"GBR","CPI","TOT","AGRWTH","M","2011-06",3.6,
"GBR","CPI","TOT","AGRWTH","M","2011-07",3.8,
"GBR","CPI","TOT","AGRWTH","M","2011-08",3.9,
"GBR","CPI","TOT","AGRWTH","M","2011-09",4.5,
"GBR","CPI","TOT","AGRWTH","M","2011-10",4.3,
"GBR","CPI","TOT","AGRWTH","M","2011-11",4.1,
"GBR","CPI","TOT","AGRWTH","M","2011-12",3.7,
"GBR","CPI","TOT","AGRWTH","M","2012-01",3.2,
"GBR","CPI","TOT","AGRWTH","M","2012-02",3.1,
"GBR","CPI","TOT","AGRWTH","M","2012-03",3.1,
"GBR","CPI","TOT","AGRWTH","M","2012-04",2.8,
"GBR","CPI","TOT","AGRWTH","M","2012-05",2.5,
"GBR","CPI","TOT","AGRWTH","M","2012-06",2.3,
"GBR","CPI","TOT","AGRWTH","M","2012-07",2.4,
"GBR","CPI","TOT","AGRWTH","M","2012-08",2.3,
"GBR","CPI","TOT","AGRWTH","M","2012-09",2.1,
"GBR","CPI","TOT","AGRWTH","M","2012-10",2.4,
"GBR","CPI","TOT","AGRWTH","M","2012-11",2.4,
"GBR","CPI","TOT","AGRWTH","M","2012-12",2.4,
"GBR","CPI","TOT","AGRWTH","M","2013-01",2.4,
"GBR","CPI","TOT","AGRWTH","M","2013-02",2.5,
"GBR","CPI","TOT","AGRWTH","M","2013-03",2.5,
"GBR","CPI","TOT","AGRWTH","M","2013-04",2.2,
"GBR","CPI","TOT","AGRWTH","M","2013-05",2.4,
"GBR","CPI","TOT","AGRWTH","M","2013-06",2.6,
"GBR","CPI","TOT","AGRWTH","M","2013-07",2.5,
"GBR","CPI","TOT","AGRWTH","M","2013-08",2.4,
"GBR","CPI","TOT","AGRWTH","M","2013-09",2.4,
"GBR","CPI","TOT","AGRWTH","M","2013-10",2,
"GBR","CPI","TOT","AGRWTH","M","2013-11",1.9,
"GBR","CPI","TOT","AGRWTH","M","2013-12",1.9,
"GBR","CPI","TOT","AGRWTH","M","2014-01",1.8,
"GBR","CPI","TOT","AGRWTH","M","2014-02",1.6,
"GBR","CPI","TOT","AGRWTH","M","2014-03",1.5,
"GBR","CPI","TOT","AGRWTH","M","2014-04",1.7,
"GBR","CPI","TOT","AGRWTH","M","2014-05",1.5,
"GBR","CPI","TOT","AGRWTH","M","2014-06",1.8,
"GBR","CPI","TOT","AGRWTH","M","2014-07",1.6,
"GBR","CPI","TOT","AGRWTH","M","2014-08",1.5,
"GBR","CPI","TOT","AGRWTH","M","2014-09",1.3,
"GBR","CPI","TOT","AGRWTH","M","2014-10",1.3,
"GBR","CPI","TOT","AGRWTH","M","2014-11",1.1,
"GBR","CPI","TOT","AGRWTH","M","2014-12",0.7,
"GBR","CPI","TOT","AGRWTH","M","2015-01",0.5,
"GBR","CPI","TOT","AGRWTH","M","2015-02",0.4,
"GBR","CPI","TOT","AGRWTH","M","2015-03",0.3,
"GBR","CPI","TOT","AGRWTH","M","2015-04",0.3,
"GBR","CPI","TOT","AGRWTH","M","2015-05",0.4,
"GBR","CPI","TOT","AGRWTH","M","2015-06",0.3,
"GBR","CPI","TOT","AGRWTH","M","2015-07",0.5,
"GBR","CPI","TOT","AGRWTH","M","2015-08",0.4,
"GBR","CPI","TOT","AGRWTH","M","2015-09",0.2,
"GBR","CPI","TOT","AGRWTH","M","2015-10",0.2,
"GBR","CPI","TOT","AGRWTH","M","2015-11",0.4,
"GBR","CPI","TOT","AGRWTH","M","2015-12",0.5,
"GBR","CPI","TOT","AGRWTH","M","2016-01",0.6,
"GBR","CPI","TOT","AGRWTH","M","2016-02",0.6,
"GBR","CPI","TOT","AGRWTH","M","2016-03",0.8,
"GBR","CPI","TOT","AGRWTH","M","2016-04",0.7,
"GBR","CPI","TOT","AGRWTH","M","2016-05",0.7,
"GBR","CPI","TOT","AGRWTH","M","2016-06",0.8,
"GBR","CPI","TOT","AGRWTH","M","2016-07",0.9,
"GBR","CPI","TOT","AGRWTH","M","2016-08",1,
"GBR","CPI","TOT","AGRWTH","M","2016-09",1.3,
"GBR","CPI","TOT","AGRWTH","M","2016-10",1.3,
"GBR","CPI","TOT","AGRWTH","M","2016-11",1.5,
"GBR","CPI","TOT","AGRWTH","M","2016-12",1.8,
"GBR","CPI","TOT","AGRWTH","M","2017-01",1.9,
"GBR","CPI","TOT","AGRWTH","M","2017-02",2.3,
"GBR","CPI","TOT","AGRWTH","M","2017-03",2.3,
"GBR","CPI","TOT","AGRWTH","M","2017-04",2.6,
"GBR","CPI","TOT","AGRWTH","M","2017-05",2.7,
"GBR","CPI","TOT","AGRWTH","M","2017-06",2.6,
"GBR","CPI","TOT","AGRWTH","M","2017-07",2.6,
"GBR","CPI","TOT","AGRWTH","M","2017-08",2.7,
"GBR","CPI","TOT","AGRWTH","M","2017-09",2.8,
"GBR","CPI","TOT","AGRWTH","M","2017-10",2.8,
"GBR","CPI","TOT","AGRWTH","M","2017-11",2.8,
"GBR","CPI","TOT","AGRWTH","M","2017-12",2.7,
"GBR","CPI","TOT","AGRWTH","M","2018-01",2.7,
"GBR","CPI","TOT","AGRWTH","M","2018-02",2.5,
"GBR","CPI","TOT","AGRWTH","M","2018-03",2.3,
"GBR","CPI","TOT","AGRWTH","M","2018-04",2.2,
"GBR","CPI","TOT","AGRWTH","M","2018-05",2.3,
"GBR","CPI","TOT","AGRWTH","M","2018-06",2.3,
"GBR","CPI","TOT","AGRWTH","M","2018-07",2.3,
"GBR","CPI","TOT","AGRWTH","M","2018-08",2.4,
"GBR","CPI","TOT","AGRWTH","M","2018-09",2.2,
"GBR","CPI","TOT","AGRWTH","M","2018-10",2.2,
"GBR","CPI","TOT","AGRWTH","M","2018-11",2.2,
"GBR","CPI","TOT","AGRWTH","M","2018-12",2,
"GBR","CPI","TOT","AGRWTH","M","2019-01",1.8,
"GBR","CPI","TOT","AGRWTH","M","2019-02",1.8,
"GBR","CPI","TOT","AGRWTH","M","2019-03",1.8,
"GBR","CPI","TOT","AGRWTH","M","2019-04",2,
"GBR","CPI","TOT","AGRWTH","M","2019-05",1.9,
"GBR","CPI","TOT","AGRWTH","M","2019-06",1.9,
"GBR","CPI","TOT","AGRWTH","M","2019-07",2,
"GBR","CPI","TOT","AGRWTH","M","2019-08",1.7,
"GBR","CPI","TOT","AGRWTH","M","2019-09",1.7,
"GBR","CPI","TOT","AGRWTH","M","2019-10",1.5,
"GBR","CPI","TOT","AGRWTH","M","2019-11",1.5,
"GBR","CPI","TOT","AGRWTH","M","2019-12",1.4,
"GBR","CPI","TOT","AGRWTH","M","2020-01",1.8,
"GBR","CPI","TOT","AGRWTH","M","2020-02",1.7,
"GBR","CPI","TOT","AGRWTH","M","2020-03",1.5,
"GBR","CPI","TOT","AGRWTH","M","2020-04",0.9,
"GBR","CPI","TOT","AGRWTH","M","2020-05",0.7,
"GBR","CPI","TOT","AGRWTH","M","2020-06",0.8,
"GBR","CPI","TOT","AGRWTH","M","2020-07",1.1,
"GBR","CPI","TOT","AGRWTH","M","2020-08",0.5,
"GBR","CPI","TOT","AGRWTH","M","2020-09",0.7,
"GBR","CPI","TOT","AGRWTH","M","2020-10",0.9,
"GBR","CPI","TOT","AGRWTH","M","2020-11",0.6,
"GBR","CPI","TOT","AGRWTH","M","2020-12",0.8,
"GBR","CPI","TOT","AGRWTH","M","2021-01",0.9,
"GBR","CPI","TOT","AGRWTH","M","2021-02",0.7,
"GBR","CPI","TOT","AGRWTH","M","2021-03",1,
"GBR","CPI","TOT","AGRWTH","M","2021-04",1.6,
"GBR","CPI","TOT","AGRWTH","M","2021-05",2.1,
"GBR","CPI","TOT","AGRWTH","M","2021-06",2.4,
"GBR","CPI","TOT","AGRWTH","M","2021-07",2.1,
"GBR","CPI","TOT","AGRWTH","M","2021-08",3,
"GBR","CPI","TOT","AGRWTH","M","2021-09",2.9,
"GBR","CPI","TOT","AGRWTH","M","2021-10",3.8,
"GBR","CPI","TOT","AGRWTH","M","2021-11",4.6,
"GBR","CPI","TOT","AGRWTH","M","2021-12",4.8,
"GBR","CPI","TOT","AGRWTH","M","2022-01",4.9,
"GBR","CPI","TOT","AGRWTH","M","2022-02",5.5,
"GBR","CPI","TOT","AGRWTH","M","2022-03",6.2,
"GBR","CPI","TOT","AGRWTH","M","2022-04",7.8,
"GBR","CPI","TOT","AGRWTH","M","2022-05",7.9,
"GBR","CPI","TOT","AGRWTH","M","2022-06",8.2,
"OECD","CPI","TOT","AGRWTH","M","1980-02",15.19781,
"OECD","CPI","TOT","AGRWTH","M","1980-03",15.46598,
"OECD","CPI","TOT","AGRWTH","M","1980-04",15.7058,
"OECD","CPI","TOT","AGRWTH","M","1980-05",15.55997,
"OECD","CPI","TOT","AGRWTH","M","1980-06",15.42301,
"OECD","CPI","TOT","AGRWTH","M","1980-07",14.52876,
"OECD","CPI","TOT","AGRWTH","M","1980-08",14.53755,
"OECD","CPI","TOT","AGRWTH","M","1980-09",14.33808,
"OECD","CPI","TOT","AGRWTH","M","1980-10",14.16544,
"OECD","CPI","TOT","AGRWTH","M","1980-11",14.18035,
"OECD","CPI","TOT","AGRWTH","M","1980-12",13.97955,
"OECD","CPI","TOT","AGRWTH","M","1981-01",13.31206,
"OECD","CPI","TOT","AGRWTH","M","1981-02",12.63936,
"OECD","CPI","TOT","AGRWTH","M","1981-03",12.30137,
"OECD","CPI","TOT","AGRWTH","M","1981-04",11.86386,
"OECD","CPI","TOT","AGRWTH","M","1981-05",11.76268,
"OECD","CPI","TOT","AGRWTH","M","1981-06",11.61699,
"OECD","CPI","TOT","AGRWTH","M","1981-07",11.98856,
"OECD","CPI","TOT","AGRWTH","M","1981-08",11.95549,
"OECD","CPI","TOT","AGRWTH","M","1981-09",12.05981,
"OECD","CPI","TOT","AGRWTH","M","1981-10",11.82486,
"OECD","CPI","TOT","AGRWTH","M","1981-11",11.54899,
"OECD","CPI","TOT","AGRWTH","M","1981-12",11.20784,
"OECD","CPI","TOT","AGRWTH","M","1982-01",10.88676,
"OECD","CPI","TOT","AGRWTH","M","1982-02",10.53761,
"OECD","CPI","TOT","AGRWTH","M","1982-03",10.14749,
"OECD","CPI","TOT","AGRWTH","M","1982-04",10.15683,
"OECD","CPI","TOT","AGRWTH","M","1982-05",10.40484,
"OECD","CPI","TOT","AGRWTH","M","1982-06",10.7303,
"OECD","CPI","TOT","AGRWTH","M","1982-07",10.50158,
"OECD","CPI","TOT","AGRWTH","M","1982-08",10.93111,
"OECD","CPI","TOT","AGRWTH","M","1982-09",10.72599,
"OECD","CPI","TOT","AGRWTH","M","1982-10",10.90893,
"OECD","CPI","TOT","AGRWTH","M","1982-11",10.80634,
"OECD","CPI","TOT","AGRWTH","M","1982-12",11.29054,
"OECD","CPI","TOT","AGRWTH","M","1983-01",11.39517,
"OECD","CPI","TOT","AGRWTH","M","1983-02",11.3138,
"OECD","CPI","TOT","AGRWTH","M","1983-03",11.38125,
"OECD","CPI","TOT","AGRWTH","M","1983-04",11.44627,
"OECD","CPI","TOT","AGRWTH","M","1983-05",11.11663,
"OECD","CPI","TOT","AGRWTH","M","1983-06",10.43387,
"OECD","CPI","TOT","AGRWTH","M","1983-07",10.39671,
"OECD","CPI","TOT","AGRWTH","M","1983-08",9.895218,
"OECD","CPI","TOT","AGRWTH","M","1983-09",9.847397,
"OECD","CPI","TOT","AGRWTH","M","1983-10",9.7509,
"OECD","CPI","TOT","AGRWTH","M","1983-11",9.989411,
"OECD","CPI","TOT","AGRWTH","M","1983-12",9.55713,
"OECD","CPI","TOT","AGRWTH","M","1984-01",9.38411,
"OECD","CPI","TOT","AGRWTH","M","1984-02",9.609876,
"OECD","CPI","TOT","AGRWTH","M","1984-03",9.584949,
"OECD","CPI","TOT","AGRWTH","M","1984-04",9.293262,
"OECD","CPI","TOT","AGRWTH","M","1984-05",9.079419,
"OECD","CPI","TOT","AGRWTH","M","1984-06",9.131416,
"OECD","CPI","TOT","AGRWTH","M","1984-07",8.916149,
"OECD","CPI","TOT","AGRWTH","M","1984-08",8.705338,
"OECD","CPI","TOT","AGRWTH","M","1984-09",8.561861,
"OECD","CPI","TOT","AGRWTH","M","1984-10",8.449277,
"OECD","CPI","TOT","AGRWTH","M","1984-11",8.089955,
"OECD","CPI","TOT","AGRWTH","M","1984-12",7.910415,
"OECD","CPI","TOT","AGRWTH","M","1985-01",7.902141,
"OECD","CPI","TOT","AGRWTH","M","1985-02",7.828919,
"OECD","CPI","TOT","AGRWTH","M","1985-03",7.998462,
"OECD","CPI","TOT","AGRWTH","M","1985-04",7.957915,
"OECD","CPI","TOT","AGRWTH","M","1985-05",7.827684,
"OECD","CPI","TOT","AGRWTH","M","1985-06",7.556537,
"OECD","CPI","TOT","AGRWTH","M","1985-07",7.437899,
"OECD","CPI","TOT","AGRWTH","M","1985-08",7.366585,
"OECD","CPI","TOT","AGRWTH","M","1985-09",7.250062,
"OECD","CPI","TOT","AGRWTH","M","1985-10",7.309854,
"OECD","CPI","TOT","AGRWTH","M","1985-11",7.47212,
"OECD","CPI","TOT","AGRWTH","M","1985-12",7.759785,
"OECD","CPI","TOT","AGRWTH","M","1986-01",7.731628,
"OECD","CPI","TOT","AGRWTH","M","1986-02",7.184812,
"OECD","CPI","TOT","AGRWTH","M","1986-03",6.529567,
"OECD","CPI","TOT","AGRWTH","M","1986-04",6.152669,
"OECD","CPI","TOT","AGRWTH","M","1986-05",6.227983,
"OECD","CPI","TOT","AGRWTH","M","1986-06",6.583859,
"OECD","CPI","TOT","AGRWTH","M","1986-07",6.535151,
"OECD","CPI","TOT","AGRWTH","M","1986-08",6.782868,
"OECD","CPI","TOT","AGRWTH","M","1986-09",7.018803,
"OECD","CPI","TOT","AGRWTH","M","1986-10",6.939764,
"OECD","CPI","TOT","AGRWTH","M","1986-11",6.989733,
"OECD","CPI","TOT","AGRWTH","M","1986-12",7.026755,
"OECD","CPI","TOT","AGRWTH","M","1987-01",7.014666,
"OECD","CPI","TOT","AGRWTH","M","1987-02",7.490628,
"OECD","CPI","TOT","AGRWTH","M","1987-03",8.116837,
"OECD","CPI","TOT","AGRWTH","M","1987-04",8.766254,
"OECD","CPI","TOT","AGRWTH","M","1987-05",8.977042,
"OECD","CPI","TOT","AGRWTH","M","1987-06",8.927265,
"OECD","CPI","TOT","AGRWTH","M","1987-07",9.274316,
"OECD","CPI","TOT","AGRWTH","M","1987-08",9.560009,
"OECD","CPI","TOT","AGRWTH","M","1987-09",9.652192,
"OECD","CPI","TOT","AGRWTH","M","1987-10",9.931938,
"OECD","CPI","TOT","AGRWTH","M","1987-11",10.15473,
"OECD","CPI","TOT","AGRWTH","M","1987-12",11.05162,
"OECD","CPI","TOT","AGRWTH","M","1988-01",11.14761,
"OECD","CPI","TOT","AGRWTH","M","1988-02",11.19924,
"OECD","CPI","TOT","AGRWTH","M","1988-03",11.22959,
"OECD","CPI","TOT","AGRWTH","M","1988-04",10.91511,
"OECD","CPI","TOT","AGRWTH","M","1988-05",10.57912,
"OECD","CPI","TOT","AGRWTH","M","1988-06",10.34478,
"OECD","CPI","TOT","AGRWTH","M","1988-07",10.05255,
"OECD","CPI","TOT","AGRWTH","M","1988-08",9.584921,
"OECD","CPI","TOT","AGRWTH","M","1988-09",9.308581,
"OECD","CPI","TOT","AGRWTH","M","1988-10",8.796089,
"OECD","CPI","TOT","AGRWTH","M","1988-11",8.296901,
"OECD","CPI","TOT","AGRWTH","M","1988-12",6.963619,
"OECD","CPI","TOT","AGRWTH","M","1989-01",6.658947,
"OECD","CPI","TOT","AGRWTH","M","1989-02",6.412226,
"OECD","CPI","TOT","AGRWTH","M","1989-03",6.227828,
"OECD","CPI","TOT","AGRWTH","M","1989-04",6.443502,
"OECD","CPI","TOT","AGRWTH","M","1989-05",6.601651,
"OECD","CPI","TOT","AGRWTH","M","1989-06",6.503827,
"OECD","CPI","TOT","AGRWTH","M","1989-07",6.418737,
"OECD","CPI","TOT","AGRWTH","M","1989-08",6.243293,
"OECD","CPI","TOT","AGRWTH","M","1989-09",6.168591,
"OECD","CPI","TOT","AGRWTH","M","1989-10",6.35802,
"OECD","CPI","TOT","AGRWTH","M","1989-11",6.274832,
"OECD","CPI","TOT","AGRWTH","M","1989-12",6.355873,
"OECD","CPI","TOT","AGRWTH","M","1990-01",6.7568,
"OECD","CPI","TOT","AGRWTH","M","1990-02",6.92415,
"OECD","CPI","TOT","AGRWTH","M","1990-03",6.946983,
"OECD","CPI","TOT","AGRWTH","M","1990-04",6.655542,
"OECD","CPI","TOT","AGRWTH","M","1990-05",6.534599,
"OECD","CPI","TOT","AGRWTH","M","1990-06",6.651649,
"OECD","CPI","TOT","AGRWTH","M","1990-07",6.61994,
"OECD","CPI","TOT","AGRWTH","M","1990-08",7.13925,
"OECD","CPI","TOT","AGRWTH","M","1990-09",7.503433,
"OECD","CPI","TOT","AGRWTH","M","1990-10",7.720985,
"OECD","CPI","TOT","AGRWTH","M","1990-11",7.834336,
"OECD","CPI","TOT","AGRWTH","M","1990-12",7.651466,
"OECD","CPI","TOT","AGRWTH","M","1991-01",7.438264,
"OECD","CPI","TOT","AGRWTH","M","1991-02",7.221129,
"OECD","CPI","TOT","AGRWTH","M","1991-03",7.038825,
"OECD","CPI","TOT","AGRWTH","M","1991-04",6.930466,
"OECD","CPI","TOT","AGRWTH","M","1991-05",6.920667,
"OECD","CPI","TOT","AGRWTH","M","1991-06",6.882706,
"OECD","CPI","TOT","AGRWTH","M","1991-07",6.901455,
"OECD","CPI","TOT","AGRWTH","M","1991-08",6.522421,
"OECD","CPI","TOT","AGRWTH","M","1991-09",6.087022,
"OECD","CPI","TOT","AGRWTH","M","1991-10",5.83765,
"OECD","CPI","TOT","AGRWTH","M","1991-11",6.013457,
"OECD","CPI","TOT","AGRWTH","M","1991-12",6.02928,
"OECD","CPI","TOT","AGRWTH","M","1992-01",5.646257,
"OECD","CPI","TOT","AGRWTH","M","1992-02",5.736553,
"OECD","CPI","TOT","AGRWTH","M","1992-03",5.928393,
"OECD","CPI","TOT","AGRWTH","M","1992-04",5.833115,
"OECD","CPI","TOT","AGRWTH","M","1992-05",5.608992,
"OECD","CPI","TOT","AGRWTH","M","1992-06",5.469433,
"OECD","CPI","TOT","AGRWTH","M","1992-07",5.224717,
"OECD","CPI","TOT","AGRWTH","M","1992-08",5.167545,
"OECD","CPI","TOT","AGRWTH","M","1992-09",5.166416,
"OECD","CPI","TOT","AGRWTH","M","1992-10",4.935922,
"OECD","CPI","TOT","AGRWTH","M","1992-11",4.702139,
"OECD","CPI","TOT","AGRWTH","M","1992-12",4.626392,
"OECD","CPI","TOT","AGRWTH","M","1993-01",4.808909,
"OECD","CPI","TOT","AGRWTH","M","1993-02",4.77785,
"OECD","CPI","TOT","AGRWTH","M","1993-03",4.643466,
"OECD","CPI","TOT","AGRWTH","M","1993-04",4.629096,
"OECD","CPI","TOT","AGRWTH","M","1993-05",4.654202,
"OECD","CPI","TOT","AGRWTH","M","1993-06",4.608119,
"OECD","CPI","TOT","AGRWTH","M","1993-07",4.782003,
"OECD","CPI","TOT","AGRWTH","M","1993-08",4.759878,
"OECD","CPI","TOT","AGRWTH","M","1993-09",4.598639,
"OECD","CPI","TOT","AGRWTH","M","1993-10",4.576698,
"OECD","CPI","TOT","AGRWTH","M","1993-11",4.466702,
"OECD","CPI","TOT","AGRWTH","M","1993-12",4.509272,
"OECD","CPI","TOT","AGRWTH","M","1994-01",4.255754,
"OECD","CPI","TOT","AGRWTH","M","1994-02",4.252089,
"OECD","CPI","TOT","AGRWTH","M","1994-03",4.244838,
"OECD","CPI","TOT","AGRWTH","M","1994-04",4.605424,
"OECD","CPI","TOT","AGRWTH","M","1994-05",4.738499,
"OECD","CPI","TOT","AGRWTH","M","1994-06",4.763111,
"OECD","CPI","TOT","AGRWTH","M","1994-07",4.748539,
"OECD","CPI","TOT","AGRWTH","M","1994-08",4.890819,
"OECD","CPI","TOT","AGRWTH","M","1994-09",4.95957,
"OECD","CPI","TOT","AGRWTH","M","1994-10",4.905596,
"OECD","CPI","TOT","AGRWTH","M","1994-11",5.043652,
"OECD","CPI","TOT","AGRWTH","M","1994-12",5.224334,
"OECD","CPI","TOT","AGRWTH","M","1995-01",5.464005,
"OECD","CPI","TOT","AGRWTH","M","1995-02",5.667309,
"OECD","CPI","TOT","AGRWTH","M","1995-03",5.899818,
"OECD","CPI","TOT","AGRWTH","M","1995-04",5.952881,
"OECD","CPI","TOT","AGRWTH","M","1995-05",6.068607,
"OECD","CPI","TOT","AGRWTH","M","1995-06",6.225021,
"OECD","CPI","TOT","AGRWTH","M","1995-07",6.142192,
"OECD","CPI","TOT","AGRWTH","M","1995-08",6.099578,
"OECD","CPI","TOT","AGRWTH","M","1995-09",6.296681,
"OECD","CPI","TOT","AGRWTH","M","1995-10",6.33622,
"OECD","CPI","TOT","AGRWTH","M","1995-11",6.285334,
"OECD","CPI","TOT","AGRWTH","M","1995-12",6.306525,
"OECD","CPI","TOT","AGRWTH","M","1996-01",6.386868,
"OECD","CPI","TOT","AGRWTH","M","1996-02",6.242441,
"OECD","CPI","TOT","AGRWTH","M","1996-03",6.184736,
"OECD","CPI","TOT","AGRWTH","M","1996-04",5.988696,
"OECD","CPI","TOT","AGRWTH","M","1996-05",5.899504,
"OECD","CPI","TOT","AGRWTH","M","1996-06",5.694186,
"OECD","CPI","TOT","AGRWTH","M","1996-07",5.717153,
"OECD","CPI","TOT","AGRWTH","M","1996-08",5.619884,
"OECD","CPI","TOT","AGRWTH","M","1996-09",5.504532,
"OECD","CPI","TOT","AGRWTH","M","1996-10",5.55046,
"OECD","CPI","TOT","AGRWTH","M","1996-11",5.562444,
"OECD","CPI","TOT","AGRWTH","M","1996-12",5.529709,
"OECD","CPI","TOT","AGRWTH","M","1997-01",5.33413,
"OECD","CPI","TOT","AGRWTH","M","1997-02",5.217713,
"OECD","CPI","TOT","AGRWTH","M","1997-03",4.951085,
"OECD","CPI","TOT","AGRWTH","M","1997-04",4.808869,
"OECD","CPI","TOT","AGRWTH","M","1997-05",4.647536,
"OECD","CPI","TOT","AGRWTH","M","1997-06",4.70649,
"OECD","CPI","TOT","AGRWTH","M","1997-07",4.811272,
"OECD","CPI","TOT","AGRWTH","M","1997-08",4.904919,
"OECD","CPI","TOT","AGRWTH","M","1997-09",4.93133,
"OECD","CPI","TOT","AGRWTH","M","1997-10",4.942451,
"OECD","CPI","TOT","AGRWTH","M","1997-11",4.869637,
"OECD","CPI","TOT","AGRWTH","M","1997-12",4.797722,
"OECD","CPI","TOT","AGRWTH","M","1998-01",4.707329,
"OECD","CPI","TOT","AGRWTH","M","1998-02",4.720316,
"OECD","CPI","TOT","AGRWTH","M","1998-03",4.705854,
"OECD","CPI","TOT","AGRWTH","M","1998-04",4.567729,
"OECD","CPI","TOT","AGRWTH","M","1998-05",4.601017,
"OECD","CPI","TOT","AGRWTH","M","1998-06",4.505235,
"OECD","CPI","TOT","AGRWTH","M","1998-07",4.332812,
"OECD","CPI","TOT","AGRWTH","M","1998-08",4.106789,
"OECD","CPI","TOT","AGRWTH","M","1998-09",4.009948,
"OECD","CPI","TOT","AGRWTH","M","1998-10",3.988524,
"OECD","CPI","TOT","AGRWTH","M","1998-11",3.949515,
"OECD","CPI","TOT","AGRWTH","M","1998-12",3.831513,
"OECD","CPI","TOT","AGRWTH","M","1999-01",3.654399,
"OECD","CPI","TOT","AGRWTH","M","1999-02",3.463419,
"OECD","CPI","TOT","AGRWTH","M","1999-03",3.506631,
"OECD","CPI","TOT","AGRWTH","M","1999-04",3.768166,
"OECD","CPI","TOT","AGRWTH","M","1999-05",3.605647,
"OECD","CPI","TOT","AGRWTH","M","1999-06",3.541753,
"OECD","CPI","TOT","AGRWTH","M","1999-07",3.662805,
"OECD","CPI","TOT","AGRWTH","M","1999-08",3.821754,
"OECD","CPI","TOT","AGRWTH","M","1999-09",3.888658,
"OECD","CPI","TOT","AGRWTH","M","1999-10",3.795496,
"OECD","CPI","TOT","AGRWTH","M","1999-11",3.776767,
"OECD","CPI","TOT","AGRWTH","M","1999-12",3.911557,
"OECD","CPI","TOT","AGRWTH","M","2000-01",3.953921,
"OECD","CPI","TOT","AGRWTH","M","2000-02",4.203187,
"OECD","CPI","TOT","AGRWTH","M","2000-03",4.406502,
"OECD","CPI","TOT","AGRWTH","M","2000-04",3.917846,
"OECD","CPI","TOT","AGRWTH","M","2000-05",3.971773,
"OECD","CPI","TOT","AGRWTH","M","2000-06",4.271118,
"OECD","CPI","TOT","AGRWTH","M","2000-07",4.282511,
"OECD","CPI","TOT","AGRWTH","M","2000-08",4.052268,
"OECD","CPI","TOT","AGRWTH","M","2000-09",4.053727,
"OECD","CPI","TOT","AGRWTH","M","2000-10",3.899598,
"OECD","CPI","TOT","AGRWTH","M","2000-11",3.912446,
"OECD","CPI","TOT","AGRWTH","M","2000-12",3.763925,
"OECD","CPI","TOT","AGRWTH","M","2001-01",3.780167,
"OECD","CPI","TOT","AGRWTH","M","2001-02",3.653239,
"OECD","CPI","TOT","AGRWTH","M","2001-03",3.436976,
"OECD","CPI","TOT","AGRWTH","M","2001-04",3.934891,
"OECD","CPI","TOT","AGRWTH","M","2001-05",4.27327,
"OECD","CPI","TOT","AGRWTH","M","2001-06",4.092659,
"OECD","CPI","TOT","AGRWTH","M","2001-07",3.691495,
"OECD","CPI","TOT","AGRWTH","M","2001-08",3.72141,
"OECD","CPI","TOT","AGRWTH","M","2001-09",3.652374,
"OECD","CPI","TOT","AGRWTH","M","2001-10",3.481766,
"OECD","CPI","TOT","AGRWTH","M","2001-11",3.238109,
"OECD","CPI","TOT","AGRWTH","M","2001-12",3.112902,
"OECD","CPI","TOT","AGRWTH","M","2002-01",3.119028,
"OECD","CPI","TOT","AGRWTH","M","2002-02",3.031329,
"OECD","CPI","TOT","AGRWTH","M","2002-03",3.115811,
"OECD","CPI","TOT","AGRWTH","M","2002-04",2.956933,
"OECD","CPI","TOT","AGRWTH","M","2002-05",2.560909,
"OECD","CPI","TOT","AGRWTH","M","2002-06",2.402489,
"OECD","CPI","TOT","AGRWTH","M","2002-07",2.570047,
"OECD","CPI","TOT","AGRWTH","M","2002-08",2.706149,
"OECD","CPI","TOT","AGRWTH","M","2002-09",2.529664,
"OECD","CPI","TOT","AGRWTH","M","2002-10",2.699929,
"OECD","CPI","TOT","AGRWTH","M","2002-11",2.836031,
"OECD","CPI","TOT","AGRWTH","M","2002-12",2.859724,
"OECD","CPI","TOT","AGRWTH","M","2003-01",2.838386,
"OECD","CPI","TOT","AGRWTH","M","2003-02",3.091342,
"OECD","CPI","TOT","AGRWTH","M","2003-03",3.142231,
"OECD","CPI","TOT","AGRWTH","M","2003-04",2.607216,
"OECD","CPI","TOT","AGRWTH","M","2003-05",2.409601,
"OECD","CPI","TOT","AGRWTH","M","2003-06",2.401915,
"OECD","CPI","TOT","AGRWTH","M","2003-07",2.361009,
"OECD","CPI","TOT","AGRWTH","M","2003-08",2.340441,
"OECD","CPI","TOT","AGRWTH","M","2003-09",2.376713,
"OECD","CPI","TOT","AGRWTH","M","2003-10",2.189915,
"OECD","CPI","TOT","AGRWTH","M","2003-11",2.012571,
"OECD","CPI","TOT","AGRWTH","M","2003-12",2.023349,
"OECD","CPI","TOT","AGRWTH","M","2004-01",1.945207,
"OECD","CPI","TOT","AGRWTH","M","2004-02",1.799693,
"OECD","CPI","TOT","AGRWTH","M","2004-03",1.768,
"OECD","CPI","TOT","AGRWTH","M","2004-04",2.097148,
"OECD","CPI","TOT","AGRWTH","M","2004-05",2.564407,
"OECD","CPI","TOT","AGRWTH","M","2004-06",2.717612,
"OECD","CPI","TOT","AGRWTH","M","2004-07",2.621375,
"OECD","CPI","TOT","AGRWTH","M","2004-08",2.495507,
"OECD","CPI","TOT","AGRWTH","M","2004-09",2.38344,
"OECD","CPI","TOT","AGRWTH","M","2004-10",2.803467,
"OECD","CPI","TOT","AGRWTH","M","2004-11",2.949925,
"OECD","CPI","TOT","AGRWTH","M","2004-12",2.769031,
"OECD","CPI","TOT","AGRWTH","M","2005-01",2.517707,
"OECD","CPI","TOT","AGRWTH","M","2005-02",2.518643,
"OECD","CPI","TOT","AGRWTH","M","2005-03",2.607471,
"OECD","CPI","TOT","AGRWTH","M","2005-04",2.740107,
"OECD","CPI","TOT","AGRWTH","M","2005-05",2.386326,
"OECD","CPI","TOT","AGRWTH","M","2005-06",2.205941,
"OECD","CPI","TOT","AGRWTH","M","2005-07",2.55557,
"OECD","CPI","TOT","AGRWTH","M","2005-08",2.74064,
"OECD","CPI","TOT","AGRWTH","M","2005-09",3.272003,
"OECD","CPI","TOT","AGRWTH","M","2005-10",3.008527,
"OECD","CPI","TOT","AGRWTH","M","2005-11",2.561402,
"OECD","CPI","TOT","AGRWTH","M","2005-12",2.604336,
"OECD","CPI","TOT","AGRWTH","M","2006-01",2.973196,
"OECD","CPI","TOT","AGRWTH","M","2006-02",2.767999,
"OECD","CPI","TOT","AGRWTH","M","2006-03",2.585379,
"OECD","CPI","TOT","AGRWTH","M","2006-04",2.790291,
"OECD","CPI","TOT","AGRWTH","M","2006-05",3.120601,
"OECD","CPI","TOT","AGRWTH","M","2006-06",3.23565,
"OECD","CPI","TOT","AGRWTH","M","2006-07",3.162003,
"OECD","CPI","TOT","AGRWTH","M","2006-08",3.06803,
"OECD","CPI","TOT","AGRWTH","M","2006-09",2.181764,
"OECD","CPI","TOT","AGRWTH","M","2006-10",1.759118,
"OECD","CPI","TOT","AGRWTH","M","2006-11",2.097241,
"OECD","CPI","TOT","AGRWTH","M","2006-12",2.357489,
"OECD","CPI","TOT","AGRWTH","M","2007-01",2.08913,
"OECD","CPI","TOT","AGRWTH","M","2007-02",2.261658,
"OECD","CPI","TOT","AGRWTH","M","2007-03",2.505155,
"OECD","CPI","TOT","AGRWTH","M","2007-04",2.415582,
"OECD","CPI","TOT","AGRWTH","M","2007-05",2.395374,
"OECD","CPI","TOT","AGRWTH","M","2007-06",2.376812,
"OECD","CPI","TOT","AGRWTH","M","2007-07",2.192872,
"OECD","CPI","TOT","AGRWTH","M","2007-08",1.977336,
"OECD","CPI","TOT","AGRWTH","M","2007-09",2.414793,
"OECD","CPI","TOT","AGRWTH","M","2007-10",2.969384,
"OECD","CPI","TOT","AGRWTH","M","2007-11",3.514726,
"OECD","CPI","TOT","AGRWTH","M","2007-12",3.456135,
"OECD","CPI","TOT","AGRWTH","M","2008-01",3.622785,
"OECD","CPI","TOT","AGRWTH","M","2008-02",3.588187,
"OECD","CPI","TOT","AGRWTH","M","2008-03",3.653647,
"OECD","CPI","TOT","AGRWTH","M","2008-04",3.589298,
"OECD","CPI","TOT","AGRWTH","M","2008-05",3.957882,
"OECD","CPI","TOT","AGRWTH","M","2008-06",4.523507,
"OECD","CPI","TOT","AGRWTH","M","2008-07",4.929512,
"OECD","CPI","TOT","AGRWTH","M","2008-08",4.77736,
"OECD","CPI","TOT","AGRWTH","M","2008-09",4.523896,
"OECD","CPI","TOT","AGRWTH","M","2008-10",3.792913,
"OECD","CPI","TOT","AGRWTH","M","2008-11",2.31678,
"OECD","CPI","TOT","AGRWTH","M","2008-12",1.618932,
"OECD","CPI","TOT","AGRWTH","M","2009-01",1.371414,
"OECD","CPI","TOT","AGRWTH","M","2009-02",1.420212,
"OECD","CPI","TOT","AGRWTH","M","2009-03",0.971019,
"OECD","CPI","TOT","AGRWTH","M","2009-04",0.7110969,
"OECD","CPI","TOT","AGRWTH","M","2009-05",0.1647564,
"OECD","CPI","TOT","AGRWTH","M","2009-06",-0.07193216,
"OECD","CPI","TOT","AGRWTH","M","2009-07",-0.5898224,
"OECD","CPI","TOT","AGRWTH","M","2009-08",-0.264367,
"OECD","CPI","TOT","AGRWTH","M","2009-09",-0.2695698,
"OECD","CPI","TOT","AGRWTH","M","2009-10",0.213858,
"OECD","CPI","TOT","AGRWTH","M","2009-11",1.27864,
"OECD","CPI","TOT","AGRWTH","M","2009-12",1.834186,
"OECD","CPI","TOT","AGRWTH","M","2010-01",2.046911,
"OECD","CPI","TOT","AGRWTH","M","2010-02",1.880068,
"OECD","CPI","TOT","AGRWTH","M","2010-03",2.04817,
"OECD","CPI","TOT","AGRWTH","M","2010-04",2.065875,
"OECD","CPI","TOT","AGRWTH","M","2010-05",1.945648,
"OECD","CPI","TOT","AGRWTH","M","2010-06",1.461116,
"OECD","CPI","TOT","AGRWTH","M","2010-07",1.576546,
"OECD","CPI","TOT","AGRWTH","M","2010-08",1.515832,
"OECD","CPI","TOT","AGRWTH","M","2010-09",1.630504,
"OECD","CPI","TOT","AGRWTH","M","2010-10",1.781383,
"OECD","CPI","TOT","AGRWTH","M","2010-11",1.725823,
"OECD","CPI","TOT","AGRWTH","M","2010-12",1.968233,
"OECD","CPI","TOT","AGRWTH","M","2011-01",2.045457,
"OECD","CPI","TOT","AGRWTH","M","2011-02",2.26775,
"OECD","CPI","TOT","AGRWTH","M","2011-03",2.559737,
"OECD","CPI","TOT","AGRWTH","M","2011-04",2.792498,
"OECD","CPI","TOT","AGRWTH","M","2011-05",3.039579,
"OECD","CPI","TOT","AGRWTH","M","2011-06",3.002083,
"OECD","CPI","TOT","AGRWTH","M","2011-07",3.078931,
"OECD","CPI","TOT","AGRWTH","M","2011-08",3.164687,
"OECD","CPI","TOT","AGRWTH","M","2011-09",3.216891,
"OECD","CPI","TOT","AGRWTH","M","2011-10",3.081593,
"OECD","CPI","TOT","AGRWTH","M","2011-11",3.079855,
"OECD","CPI","TOT","AGRWTH","M","2011-12",2.851242,
"OECD","CPI","TOT","AGRWTH","M","2012-01",2.792825,
"OECD","CPI","TOT","AGRWTH","M","2012-02",2.789969,
"OECD","CPI","TOT","AGRWTH","M","2012-03",2.646638,
"OECD","CPI","TOT","AGRWTH","M","2012-04",2.463507,
"OECD","CPI","TOT","AGRWTH","M","2012-05",2.064315,
"OECD","CPI","TOT","AGRWTH","M","2012-06",2.000656,
"OECD","CPI","TOT","AGRWTH","M","2012-07",1.882266,
"OECD","CPI","TOT","AGRWTH","M","2012-08",2.057924,
"OECD","CPI","TOT","AGRWTH","M","2012-09",2.213043,
"OECD","CPI","TOT","AGRWTH","M","2012-10",2.235634,
"OECD","CPI","TOT","AGRWTH","M","2012-11",1.938384,
"OECD","CPI","TOT","AGRWTH","M","2012-12",1.862265,
"OECD","CPI","TOT","AGRWTH","M","2013-01",1.728143,
"OECD","CPI","TOT","AGRWTH","M","2013-02",1.816601,
"OECD","CPI","TOT","AGRWTH","M","2013-03",1.577322,
"OECD","CPI","TOT","AGRWTH","M","2013-04",1.267384,
"OECD","CPI","TOT","AGRWTH","M","2013-05",1.49431,
"OECD","CPI","TOT","AGRWTH","M","2013-06",1.807559,
"OECD","CPI","TOT","AGRWTH","M","2013-07",1.966688,
"OECD","CPI","TOT","AGRWTH","M","2013-08",1.701726,
"OECD","CPI","TOT","AGRWTH","M","2013-09",1.497019,
"OECD","CPI","TOT","AGRWTH","M","2013-10",1.303782,
"OECD","CPI","TOT","AGRWTH","M","2013-11",1.465559,
"OECD","CPI","TOT","AGRWTH","M","2013-12",1.637475,
"OECD","CPI","TOT","AGRWTH","M","2014-01",1.656405,
"OECD","CPI","TOT","AGRWTH","M","2014-02",1.45598,
"OECD","CPI","TOT","AGRWTH","M","2014-03",1.58096,
"OECD","CPI","TOT","AGRWTH","M","2014-04",2.03221,
"OECD","CPI","TOT","AGRWTH","M","2014-05",2.094485,
"OECD","CPI","TOT","AGRWTH","M","2014-06",2.071364,
"OECD","CPI","TOT","AGRWTH","M","2014-07",1.975263,
"OECD","CPI","TOT","AGRWTH","M","2014-08",1.835031,
"OECD","CPI","TOT","AGRWTH","M","2014-09",1.759199,
"OECD","CPI","TOT","AGRWTH","M","2014-10",1.758209,
"OECD","CPI","TOT","AGRWTH","M","2014-11",1.546569,
"OECD","CPI","TOT","AGRWTH","M","2014-12",1.133679,
"OECD","CPI","TOT","AGRWTH","M","2015-01",0.5873603,
"OECD","CPI","TOT","AGRWTH","M","2015-02",0.647855,
"OECD","CPI","TOT","AGRWTH","M","2015-03",0.6909298,
"OECD","CPI","TOT","AGRWTH","M","2015-04",0.5546154,
"OECD","CPI","TOT","AGRWTH","M","2015-05",0.6898821,
"OECD","CPI","TOT","AGRWTH","M","2015-06",0.7030824,
"OECD","CPI","TOT","AGRWTH","M","2015-07",0.6824746,
"OECD","CPI","TOT","AGRWTH","M","2015-08",0.6705974,
"OECD","CPI","TOT","AGRWTH","M","2015-09",0.5335366,
"OECD","CPI","TOT","AGRWTH","M","2015-10",0.6856582,
"OECD","CPI","TOT","AGRWTH","M","2015-11",0.8047267,
"OECD","CPI","TOT","AGRWTH","M","2015-12",0.9633142,
"OECD","CPI","TOT","AGRWTH","M","2016-01",1.286616,
"OECD","CPI","TOT","AGRWTH","M","2016-02",1.06177,
"OECD","CPI","TOT","AGRWTH","M","2016-03",0.939361,
"OECD","CPI","TOT","AGRWTH","M","2016-04",0.9477823,
"OECD","CPI","TOT","AGRWTH","M","2016-05",0.9196227,
"OECD","CPI","TOT","AGRWTH","M","2016-06",1.005454,
"OECD","CPI","TOT","AGRWTH","M","2016-07",0.9934068,
"OECD","CPI","TOT","AGRWTH","M","2016-08",1.057761,
"OECD","CPI","TOT","AGRWTH","M","2016-09",1.284937,
"OECD","CPI","TOT","AGRWTH","M","2016-10",1.452132,
"OECD","CPI","TOT","AGRWTH","M","2016-11",1.542265,
"OECD","CPI","TOT","AGRWTH","M","2016-12",1.877069,
"OECD","CPI","TOT","AGRWTH","M","2017-01",2.358395,
"OECD","CPI","TOT","AGRWTH","M","2017-02",2.550494,
"OECD","CPI","TOT","AGRWTH","M","2017-03",2.358196,
"OECD","CPI","TOT","AGRWTH","M","2017-04",2.39637,
"OECD","CPI","TOT","AGRWTH","M","2017-05",2.160225,
"OECD","CPI","TOT","AGRWTH","M","2017-06",1.971791,
"OECD","CPI","TOT","AGRWTH","M","2017-07",2.006763,
"OECD","CPI","TOT","AGRWTH","M","2017-08",2.220078,
"OECD","CPI","TOT","AGRWTH","M","2017-09",2.377743,
"OECD","CPI","TOT","AGRWTH","M","2017-10",2.223711,
"OECD","CPI","TOT","AGRWTH","M","2017-11",2.411489,
"OECD","CPI","TOT","AGRWTH","M","2017-12",2.344073,
"OECD","CPI","TOT","AGRWTH","M","2018-01",2.19474,
"OECD","CPI","TOT","AGRWTH","M","2018-02",2.21081,
"OECD","CPI","TOT","AGRWTH","M","2018-03",2.284618,
"OECD","CPI","TOT","AGRWTH","M","2018-04",2.273127,
"OECD","CPI","TOT","AGRWTH","M","2018-05",2.612173,
"OECD","CPI","TOT","AGRWTH","M","2018-06",2.789864,
"OECD","CPI","TOT","AGRWTH","M","2018-07",2.888044,
"OECD","CPI","TOT","AGRWTH","M","2018-08",2.896908,
"OECD","CPI","TOT","AGRWTH","M","2018-09",2.913229,
"OECD","CPI","TOT","AGRWTH","M","2018-10",3.109407,
"OECD","CPI","TOT","AGRWTH","M","2018-11",2.706374,
"OECD","CPI","TOT","AGRWTH","M","2018-12",2.391449,
"OECD","CPI","TOT","AGRWTH","M","2019-01",2.111953,
"OECD","CPI","TOT","AGRWTH","M","2019-02",2.092735,
"OECD","CPI","TOT","AGRWTH","M","2019-03",2.281767,
"OECD","CPI","TOT","AGRWTH","M","2019-04",2.485488,
"OECD","CPI","TOT","AGRWTH","M","2019-05",2.265435,
"OECD","CPI","TOT","AGRWTH","M","2019-06",2.082792,
"OECD","CPI","TOT","AGRWTH","M","2019-07",2.158126,
"OECD","CPI","TOT","AGRWTH","M","2019-08",1.962419,
"OECD","CPI","TOT","AGRWTH","M","2019-09",1.679145,
"OECD","CPI","TOT","AGRWTH","M","2019-10",1.650407,
"OECD","CPI","TOT","AGRWTH","M","2019-11",1.896577,
"OECD","CPI","TOT","AGRWTH","M","2019-12",2.167921,
"OECD","CPI","TOT","AGRWTH","M","2020-01",2.38149,
"OECD","CPI","TOT","AGRWTH","M","2020-02",2.276775,
"OECD","CPI","TOT","AGRWTH","M","2020-03",1.75213,
"OECD","CPI","TOT","AGRWTH","M","2020-04",0.8567852,
"OECD","CPI","TOT","AGRWTH","M","2020-05",0.7088199,
"OECD","CPI","TOT","AGRWTH","M","2020-06",1.08723,
"OECD","CPI","TOT","AGRWTH","M","2020-07",1.204394,
"OECD","CPI","TOT","AGRWTH","M","2020-08",1.283458,
"OECD","CPI","TOT","AGRWTH","M","2020-09",1.304039,
"OECD","CPI","TOT","AGRWTH","M","2020-10",1.182776,
"OECD","CPI","TOT","AGRWTH","M","2020-11",1.173472,
"OECD","CPI","TOT","AGRWTH","M","2020-12",1.243775,
"OECD","CPI","TOT","AGRWTH","M","2021-01",1.556036,
"OECD","CPI","TOT","AGRWTH","M","2021-02",1.744286,
"OECD","CPI","TOT","AGRWTH","M","2021-03",2.3914,
"OECD","CPI","TOT","AGRWTH","M","2021-04",3.333723,
"OECD","CPI","TOT","AGRWTH","M","2021-05",3.850541,
"OECD","CPI","TOT","AGRWTH","M","2021-06",4.04031,
"OECD","CPI","TOT","AGRWTH","M","2021-07",4.228713,
"OECD","CPI","TOT","AGRWTH","M","2021-08",4.347535,
"OECD","CPI","TOT","AGRWTH","M","2021-09",4.59232,
"OECD","CPI","TOT","AGRWTH","M","2021-10",5.231059,
"OECD","CPI","TOT","AGRWTH","M","2021-11",5.860974,
"OECD","CPI","TOT","AGRWTH","M","2021-12",6.5539,
"OECD","CPI","TOT","AGRWTH","M","2022-01",7.177954,
"OECD","CPI","TOT","AGRWTH","M","2022-02",7.755692,
"OECD","CPI","TOT","AGRWTH","M","2022-03",8.767221,
"OECD","CPI","TOT","AGRWTH","M","2022-04",9.17658,
"OECD","CPI","TOT","AGRWTH","M","2022-05",9.646049,
